Drink name,Cost
vatra orange,34.89
chibwantu,22.99
Total,57.879999999999995
Tip,11.576
Grand Total,69.45599999999999
